,CrimeDate,CrimeTime,Description,Hour,Year
12470,12/31/2016,58.00,HOMICIDE,0,2016
12748,12/28/2016,19:24:57,RAPE,19,2016
12806,12/28/2016,14:36:21,RAPE,14,2016
12983,12/27/2016,09:02:56,RAPE,9,2016
13160,12/25/2016,1626.00,HOMICIDE,16,2016
13168,12/25/2016,1553.00,HOMICIDE,15,2016
13415,12/23/2016,1643.00,HOMICIDE,16,2016
13444,12/23/2016,13:12:38,RAPE,13,2016
13472,12/23/2016,630.00,HOMICIDE,6,2016
13513,12/22/2016,21:51:36,RAPE,21,2016
13543,12/22/2016,1826.00,HOMICIDE,18,2016
13544,12/22/2016,1825.00,HOMICIDE,18,2016
13647,12/22/2016,03:44:26,RAPE,3,2016
13812,12/20/2016,2110.00,HOMICIDE,21,2016
13821,12/20/2016,2030.00,HOMICIDE,20,2016
14042,12/19/2016,1258.00,HOMICIDE,12,2016
14097,12/19/2016,230.00,HOMICIDE,2,2016
14098,12/19/2016,230.00,HOMICIDE,2,2016
14342,12/16/2016,2031.00,HOMICIDE,20,2016
14404,12/16/2016,1000.00,HOMICIDE,10,2016
14436,12/15/2016,2328.00,HOMICIDE,23,2016
14452,12/15/2016,2014.00,HOMICIDE,20,2016
14603,12/14/2016,16:19:16,RAPE,16,2016
14645,12/14/2016,806.00,HOMICIDE,8,2016
14734,12/13/2016,1749.00,HOMICIDE,17,2016
14735,12/13/2016,1749.00,HOMICIDE,17,2016
14737,12/13/2016,17:42:42,RAPE,17,2016
14772,12/13/2016,12:49:17,RAPE,12,2016
15087,12/10/2016,2358.00,HOMICIDE,23,2016
15118,12/10/2016,18:15:36,RAPE,18,2016
15131,12/10/2016,15:52:42,RAPE,15,2016
15196,12/10/2016,121.00,HOMICIDE,1,2016
15214,12/09/2016,2146.00,HOMICIDE,21,2016
15222,12/09/2016,19:37:35,RAPE,19,2016
15506,12/07/2016,18:08:13,RAPE,18,2016
15647,12/06/2016,17:10:37,RAPE,17,2016
15679,12/06/2016,11:09:03,RAPE,11,2016
15773,12/05/2016,18:42:58,RAPE,18,2016
15789,12/05/2016,17:01:14,RAPE,17,2016
15827,12/05/2016,1249.00,HOMICIDE,12,2016
15839,12/05/2016,12:13:26,RAPE,12,2016
15934,12/04/2016,1743.00,HOMICIDE,17,2016
15935,12/04/2016,1743.00,HOMICIDE,17,2016
15936,12/04/2016,1743.00,HOMICIDE,17,2016
16099,12/03/2016,09:03:16,RAPE,9,2016
16110,12/03/2016,07:40:12,RAPE,7,2016
16200,12/02/2016,1551.00,HOMICIDE,15,2016
16201,12/02/2016,1514.00,HOMICIDE,15,2016
16456,11/30/2016,2241.00,HOMICIDE,22,2016
16480,11/30/2016,19:45:33,RAPE,19,2016
16492,11/30/2016,1800.00,HOMICIDE,18,2016
16495,11/30/2016,1800.00,HOMICIDE,18,2016
16563,11/30/2016,845.00,HOMICIDE,8,2016
16660,11/29/2016,1708.00,HOMICIDE,17,2016
16750,11/29/2016,00:13:25,RAPE,0,2016
16844,11/28/2016,16:12:45,RAPE,16,2016
17057,11/27/2016,00:20:00,RAPE,0,2016
17243,11/25/2016,1440.00,HOMICIDE,14,2016
17418,11/23/2016,2216.00,HOMICIDE,22,2016
17423,11/23/2016,21:32:02,RAPE,21,2016
17440,11/23/2016,1850.00,HOMICIDE,18,2016
17474,11/23/2016,15:46:31,RAPE,15,2016
17488,11/23/2016,1425.00,HOMICIDE,14,2016
17562,11/22/2016,22:50:04,RAPE,22,2016
17700,11/22/2016,609.00,HOMICIDE,6,2016
17758,11/21/2016,1709.00,HOMICIDE,17,2016
17899,11/20/2016,1440.00,HOMICIDE,14,2016
17905,11/20/2016,1302.00,HOMICIDE,13,2016
17960,11/19/2016,2226.00,HOMICIDE,22,2016
17984,11/19/2016,1906.00,HOMICIDE,19,2016
18073,11/19/2016,120.00,HOMICIDE,1,2016
18135,11/18/2016,17:21:34,RAPE,17,2016
18158,11/18/2016,15:18:22,RAPE,15,2016
18238,11/18/2016,552.00,HOMICIDE,5,2016
18263,11/17/2016,2232.00,HOMICIDE,22,2016
18294,11/17/2016,19:18:39,RAPE,19,2016
18320,11/17/2016,1645.00,HOMICIDE,16,2016
18382,11/17/2016,11:13:17,RAPE,11,2016
18622,11/15/2016,1931.00,HOMICIDE,19,2016
18623,11/15/2016,1919.00,HOMICIDE,19,2016
18674,11/15/2016,1555.00,HOMICIDE,15,2016
18753,11/14/2016,21:45:02,RAPE,21,2016
18762,11/14/2016,20:59:48,RAPE,20,2016
18794,11/14/2016,17:53:52,RAPE,17,2016
19140,11/11/2016,2157.00,HOMICIDE,21,2016
19221,11/11/2016,1132.00,HOMICIDE,11,2016
19423,11/09/2016,2316.00,HOMICIDE,23,2016
19434,11/09/2016,2123.00,HOMICIDE,21,2016
19477,11/09/2016,16:19:16,RAPE,16,2016
19631,11/08/2016,1320.00,HOMICIDE,13,2016
19824,11/07/2016,254.00,HOMICIDE,2,2016
19925,11/06/2016,12:07:31,RAPE,12,2016
20057,11/05/2016,1504.00,HOMICIDE,15,2016
20232,11/04/2016,1252.00,HOMICIDE,12,2016
20285,11/04/2016,06:32:34,RAPE,6,2016
20302,11/04/2016,01:30:49,RAPE,1,2016
20320,11/03/2016,22:34:10,RAPE,22,2016
20390,11/03/2016,16:24:44,RAPE,16,2016
20580,11/02/2016,07:59:24,RAPE,7,2016
20739,11/01/2016,10:49:51,RAPE,10,2016
20991,10/30/2016,22:51:25,RAPE,22,2016
21096,10/30/2016,09:53:40,RAPE,9,2016
21110,10/30/2016,346.00,HOMICIDE,3,2016
21269,10/29/2016,04:52:27,RAPE,4,2016
21283,10/29/2016,123.00,HOMICIDE,1,2016
21445,10/28/2016,202.00,HOMICIDE,2,2016
21605,10/27/2016,02:04:43,RAPE,2,2016
21680,10/26/2016,1628.00,HOMICIDE,16,2016
21820,10/25/2016,17:47:03,RAPE,17,2016
21969,10/24/2016,2059.00,HOMICIDE,20,2016
21980,10/24/2016,19:36:30,RAPE,19,2016
22047,10/24/2016,1254.00,HOMICIDE,12,2016
22048,10/24/2016,1254.00,HOMICIDE,12,2016
22273,10/22/2016,2210.00,HOMICIDE,22,2016
22417,10/21/2016,2156.00,HOMICIDE,21,2016
22444,10/21/2016,18:47:16,RAPE,18,2016
22487,10/21/2016,13:49:42,RAPE,13,2016
22622,10/20/2016,17:24:30,RAPE,17,2016
22855,10/19/2016,1128.00,HOMICIDE,11,2016
23015,10/18/2016,1424.00,HOMICIDE,14,2016
23043,10/18/2016,11:13:54,RAPE,11,2016
23138,10/17/2016,17:31:40,RAPE,17,2016
23319,10/16/2016,1758.00,HOMICIDE,17,2016
23326,10/16/2016,1612.00,HOMICIDE,16,2016
23380,10/16/2016,05:13:26,RAPE,5,2016
23499,10/15/2016,1408.00,HOMICIDE,14,2016
23624,10/14/2016,18:36:00,RAPE,18,2016
23767,10/13/2016,1954.00,HOMICIDE,19,2016
23818,10/13/2016,13:19:49,RAPE,13,2016
23837,10/13/2016,10:56:15,RAPE,10,2016
23882,10/12/2016,2300.00,HOMICIDE,23,2016
23960,10/12/2016,1247.00,HOMICIDE,12,2016
24009,10/12/2016,02:11:29,RAPE,2,2016
24108,10/11/2016,1425.00,HOMICIDE,14,2016
24109,10/11/2016,1400.00,HOMICIDE,14,2016
24205,10/10/2016,2032.00,HOMICIDE,20,2016
24244,10/10/2016,1646.00,HOMICIDE,16,2016
24261,10/10/2016,1406.00,HOMICIDE,14,2016
24301,10/10/2016,09:15:55,RAPE,9,2016
24318,10/10/2016,04:46:30,RAPE,4,2016
24335,10/09/2016,2335.00,HOMICIDE,23,2016
24370,10/09/2016,19:57:43,RAPE,19,2016
24459,10/09/2016,09:13:24,RAPE,9,2016
24612,10/08/2016,05:50:31,RAPE,5,2016
24664,10/07/2016,20:23:56,RAPE,20,2016
24731,10/07/2016,14:18:28,RAPE,14,2016
24800,10/07/2016,00:28:10,RAPE,0,2016
24857,10/06/2016,1741.00,HOMICIDE,17,2016
24868,10/06/2016,15:57:14,RAPE,15,2016
24930,10/05/2016,23:40:17,RAPE,23,2016
25013,10/05/2016,14:05:05,RAPE,14,2016
25095,10/04/2016,2213.00,HOMICIDE,22,2016
25134,10/04/2016,18:43:44,RAPE,18,2016
25172,10/04/2016,1303.00,HOMICIDE,13,2016
25301,10/03/2016,1352.00,HOMICIDE,13,2016
25357,10/03/2016,115.00,HOMICIDE,1,2016
25370,10/02/2016,2358.00,HOMICIDE,23,2016
25426,10/02/2016,1710.00,HOMICIDE,17,2016
25646,10/01/2016,01:59:15,RAPE,1,2016
26176,09/27/2016,1325.00,HOMICIDE,13,2016
26423,09/25/2016,1742.00,HOMICIDE,17,2016
26460,09/25/2016,13:24:48,RAPE,13,2016
26509,09/25/2016,155.00,HOMICIDE,1,2016
26648,09/24/2016,1309.00,HOMICIDE,13,2016
26687,09/24/2016,08:00:40,RAPE,8,2016
26795,09/23/2016,16:23:41,RAPE,16,2016
26866,09/23/2016,325.00,HOMICIDE,3,2016
27086,09/21/2016,2110.00,HOMICIDE,21,2016
27215,09/21/2016,237.00,HOMICIDE,2,2016
27219,09/21/2016,02:28:32,RAPE,2,2016
27301,09/20/2016,12:45:43,RAPE,12,2016
27376,09/19/2016,2225.00,HOMICIDE,22,2016
27457,09/19/2016,11:27:24,RAPE,11,2016
27478,09/19/2016,07:10:30,RAPE,7,2016
27543,09/18/2016,19:13:10,RAPE,19,2016
27548,09/18/2016,1814.00,HOMICIDE,18,2016
27633,09/18/2016,9.00,HOMICIDE,0,2016
27699,09/17/2016,18:23:11,RAPE,18,2016
27757,09/17/2016,09:41:56,RAPE,9,2016
27823,09/16/2016,2116.00,HOMICIDE,21,2016
27825,09/16/2016,2105.00,HOMICIDE,21,2016
27900,07/15/2016,16:11:21,RAPE,16,2016
27936,09/16/2016,318.00,HOMICIDE,3,2016
27993,09/15/2016,1731.00,HOMICIDE,17,2016
28023,09/15/2016,1340.00,HOMICIDE,13,2016
28024,09/15/2016,13:51:05,RAPE,13,2016
28130,09/14/2016,2044.00,HOMICIDE,20,2016
28161,09/14/2016,16:45:53,RAPE,16,2016
28471,09/12/2016,14:50:50,RAPE,14,2016
28673,09/11/2016,10:05:54,RAPE,10,2016
29000,09/09/2016,204.00,HOMICIDE,2,2016
29060,09/08/2016,16:36:09,RAPE,16,2016
29083,09/08/2016,1242.00,HOMICIDE,12,2016
29128,09/08/2016,350.00,HOMICIDE,3,2016
29131,09/08/2016,201.00,HOMICIDE,2,2016
29158,09/07/2016,2242.00,HOMICIDE,22,2016
29175,09/07/2016,2050.00,HOMICIDE,20,2016
29237,09/07/2016,1329.00,HOMICIDE,13,2016
29254,09/07/2016,1127.00,HOMICIDE,11,2016
29280,09/07/2016,625.00,HOMICIDE,6,2016
29316,09/06/2016,22:01:44,RAPE,22,2016
29360,09/06/2016,17:43:34,RAPE,17,2016
29387,09/06/2016,1315.00,HOMICIDE,13,2016
29565,09/05/2016,100.00,HOMICIDE,1,2016
29594,09/04/2016,2201.00,HOMICIDE,22,2016
29693,09/04/2016,05:08:34,RAPE,5,2016
29835,09/03/2016,02:56:45,RAPE,2,2016
29857,09/02/2016,2304.00,HOMICIDE,23,2016
29948,09/02/2016,1033.00,HOMICIDE,10,2016
29997,09/01/2016,21:00:07,RAPE,21,2016
30013,09/01/2016,19:55:32,RAPE,19,2016
30044,09/01/2016,17:30:42,RAPE,17,2016
30380,08/30/2016,12:40:31,RAPE,12,2016
30444,08/29/2016,22:30:05,RAPE,22,2016
30470,08/29/2016,19:34:37,RAPE,19,2016
30643,08/28/2016,14:32:11,RAPE,14,2016
30668,08/28/2016,11:12:38,RAPE,11,2016
30767,08/27/2016,1817.00,HOMICIDE,18,2016
30839,08/27/2016,600.00,HOMICIDE,6,2016
30858,08/27/2016,230.00,HOMICIDE,2,2016
30943,08/26/2016,1540.00,HOMICIDE,15,2016
30982,08/26/2016,751.00,HOMICIDE,7,2016
31152,08/24/2016,2220.00,HOMICIDE,22,2016
31208,08/24/2016,15:50:05,RAPE,15,2016
31221,08/24/2016,1218.00,HOMICIDE,12,2016
31282,08/23/2016,2300.00,HOMICIDE,23,2016
31363,08/23/2016,12:23:58,RAPE,12,2016
31434,08/22/2016,2114.00,HOMICIDE,21,2016
31483,08/22/2016,1540.00,HOMICIDE,15,2016
31547,08/22/2016,04:59:27,RAPE,4,2016
31774,08/20/2016,741.00,HOMICIDE,7,2016
31805,08/20/2016,02:36:54,RAPE,2,2016
31821,08/20/2016,00:22:52,RAPE,0,2016
31840,08/19/2016,2124.00,HOMICIDE,21,2016
31942,08/19/2016,421.00,HOMICIDE,4,2016
31985,08/18/2016,21:33:55,RAPE,21,2016
32195,08/17/2016,1053.00,HOMICIDE,10,2016
32218,08/17/2016,07:18:38,RAPE,7,2016
32235,08/17/2016,138.00,HOMICIDE,1,2016
32244,08/16/2016,2333.00,HOMICIDE,23,2016
32443,08/15/2016,15:40:15,RAPE,15,2016
32495,08/15/2016,06:53:44,RAPE,6,2016
32623,08/13/2016,2357.00,HOMICIDE,23,2016
32712,08/13/2016,1224.00,HOMICIDE,12,2016
32794,08/12/2016,2214.00,HOMICIDE,22,2016
32883,08/12/2016,07:12:20,RAPE,7,2016
33028,08/11/2016,06:02:21,RAPE,6,2016
33086,08/10/2016,1955.00,HOMICIDE,19,2016
33134,08/10/2016,1228.00,HOMICIDE,12,2016
33166,08/10/2016,605.00,HOMICIDE,6,2016
33181,08/10/2016,13.00,HOMICIDE,0,2016
33278,08/09/2016,13:44:01,RAPE,13,2016
33401,08/08/2016,08:13:51,RAPE,8,2016
33539,08/07/2016,12:42:00,RAPE,12,2016
33558,08/07/2016,507.00,HOMICIDE,5,2016
33729,08/05/2016,2257.00,HOMICIDE,22,2016
33847,08/05/2016,07:55:37,RAPE,7,2016
33886,08/04/2016,2154.00,HOMICIDE,21,2016
33892,08/04/2016,21:25:03,RAPE,21,2016
33901,08/04/2016,20:04:55,RAPE,20,2016
33992,08/04/2016,02:17:38,RAPE,2,2016
34028,08/03/2016,2059.00,HOMICIDE,20,2016
34220,08/02/2016,14:24:20,RAPE,14,2016
34221,08/02/2016,14:19:35,RAPE,14,2016
34774,07/29/2016,1030.00,HOMICIDE,10,2016
34795,07/29/2016,05:41:22,RAPE,5,2016
34824,07/28/2016,2232.00,HOMICIDE,22,2016
34871,07/28/2016,1509.00,HOMICIDE,15,2016
34922,07/28/2016,345.00,HOMICIDE,3,2016
35001,07/27/2016,16:42:20,RAPE,16,2016
35007,07/27/2016,15:53:27,RAPE,15,2016
35055,07/27/2016,04:51:32,RAPE,4,2016
35169,07/26/2016,1017.00,HOMICIDE,10,2016
35212,07/25/2016,2325.00,HOMICIDE,23,2016
35232,07/25/2016,2144.00,HOMICIDE,21,2016
35409,07/24/2016,1732.00,HOMICIDE,17,2016
35420,07/24/2016,1505.00,HOMICIDE,15,2016
35533,07/23/2016,14:54:36,RAPE,14,2016
35534,07/23/2016,14:53:09,RAPE,14,2016
35557,07/23/2016,09:24:25,RAPE,9,2016
35586,07/23/2016,146.00,HOMICIDE,1,2016
35587,07/23/2016,146.00,HOMICIDE,1,2016
35671,07/22/2016,15:38:47,RAPE,15,2016
35740,07/21/2016,23:50:01,RAPE,23,2016
35859,07/21/2016,150.00,HOMICIDE,1,2016
36034,07/19/2016,2350.00,HOMICIDE,23,2016
36070,07/19/2016,1801.00,HOMICIDE,18,2016
36166,07/19/2016,3.00,HOMICIDE,0,2016
36191,07/18/2016,2104.00,HOMICIDE,21,2016
36200,07/18/2016,2045.00,HOMICIDE,20,2016
36474,07/16/2016,1542.00,HOMICIDE,15,2016
36505,07/16/2016,10:24:10,RAPE,10,2016
36520,07/16/2016,611.00,HOMICIDE,6,2016
36610,07/15/2016,16:11:21,RAPE,16,2016
36654,07/15/2016,09:25:21,RAPE,9,2016
36757,07/14/2016,1351.00,HOMICIDE,13,2016
36786,07/14/2016,10:29:28,RAPE,10,2016
36805,07/14/2016,03:05:21,RAPE,3,2016
36809,07/14/2016,100.00,HOMICIDE,1,2016
36942,07/13/2016,49.00,HOMICIDE,0,2016
36972,07/12/2016,2116.00,HOMICIDE,21,2016
37091,07/11/2016,2209.00,HOMICIDE,22,2016
37152,07/11/2016,1629.00,HOMICIDE,16,2016
37178,07/11/2016,13:05:58,RAPE,13,2016
37179,07/11/2016,13:05:58,RAPE,13,2016
37215,07/11/2016,05:33:45,RAPE,5,2016
37233,07/11/2016,01:51:58,RAPE,1,2016
37338,07/10/2016,620.00,HOMICIDE,6,2016
37339,07/10/2016,603.00,HOMICIDE,6,2016
37364,07/10/2016,114.00,HOMICIDE,1,2016
37490,07/08/2016,2257.00,HOMICIDE,22,2016
37572,07/08/2016,935.00,HOMICIDE,9,2016
37744,07/06/2016,2203.00,HOMICIDE,22,2016
37758,07/06/2016,20:49:14,RAPE,20,2016
37769,07/06/2016,1944.00,HOMICIDE,19,2016
37860,07/06/2016,01:38:59,RAPE,1,2016
38010,07/05/2016,55.00,HOMICIDE,0,2016
38012,07/05/2016,30.00,HOMICIDE,0,2016
38182,07/03/2016,1604.00,HOMICIDE,16,2016
38197,07/03/2016,14:23:54,RAPE,14,2016
38455,07/01/2016,1512.00,HOMICIDE,15,2016
38496,07/01/2016,06:20:57,RAPE,6,2016
38523,07/01/2016,00:41:00,RAPE,0,2016
38553,06/30/2016,2129.00,HOMICIDE,21,2016
38698,06/29/2016,19:18:48,RAPE,19,2016
38718,06/29/2016,16:40:42,RAPE,16,2016
38724,06/29/2016,15:33:16,RAPE,15,2016
38747,06/29/2016,11:48:17,RAPE,11,2016
38801,06/28/2016,2129.00,HOMICIDE,21,2016
38883,06/28/2016,1018.00,HOMICIDE,10,2016
38922,06/28/2016,49.00,HOMICIDE,0,2016
39014,06/27/2016,08:26:45,RAPE,8,2016
39068,06/26/2016,2120.00,HOMICIDE,21,2016
39079,06/26/2016,2055.00,HOMICIDE,20,2016
39214,06/25/2016,1857.00,HOMICIDE,18,2016
39238,06/25/2016,15:34:23,RAPE,15,2016
39458,06/24/2016,45.00,HOMICIDE,0,2016
39591,06/23/2016,445.00,HOMICIDE,4,2016
39638,06/22/2016,2238.00,HOMICIDE,22,2016
39715,06/22/2016,1230.00,HOMICIDE,12,2016
39808,06/21/2016,1821.00,HOMICIDE,18,2016
39830,06/21/2016,16:35:51,RAPE,16,2016
40164,06/19/2016,14:31:21,RAPE,14,2016
40345,06/18/2016,08:11:13,RAPE,8,2016
40373,06/18/2016,00:33:55,RAPE,0,2016
40394,06/17/2016,22:36:19,RAPE,22,2016
40919,06/14/2016,322.00,HOMICIDE,3,2016
41011,06/13/2016,1637.00,HOMICIDE,16,2016
41012,06/13/2016,16:57:48,RAPE,16,2016
41178,06/12/2016,14:26:30,RAPE,14,2016
41222,06/12/2016,02:41:18,RAPE,2,2016
41310,06/11/2016,1541.00,HOMICIDE,15,2016
41373,06/11/2016,133.00,HOMICIDE,1,2016
41388,06/10/2016,2340.00,HOMICIDE,23,2016
41390,06/10/2016,23:58:26,RAPE,23,2016
41391,06/10/2016,23:58:26,RAPE,23,2016
41429,06/10/2016,1938.00,HOMICIDE,19,2016
41554,06/09/2016,2329.00,HOMICIDE,23,2016
41619,06/09/2016,1636.00,HOMICIDE,16,2016
41703,06/08/2016,2138.00,HOMICIDE,21,2016
41735,06/08/2016,1853.00,HOMICIDE,18,2016
42031,06/06/2016,18:45:45,RAPE,18,2016
42138,06/06/2016,345.00,HOMICIDE,3,2016
42139,06/06/2016,345.00,HOMICIDE,3,2016
42218,06/05/2016,16:18:15,RAPE,16,2016
42422,06/04/2016,22:23:27,RAPE,22,2016
42446,06/04/2016,19:44:54,RAPE,19,2016
42511,06/04/2016,11:19:49,RAPE,11,2016
42547,06/04/2016,113.00,HOMICIDE,1,2016
42577,06/03/2016,2110.00,HOMICIDE,21,2016
42697,06/03/2016,24.00,HOMICIDE,0,2016
42781,06/02/2016,10:13:48,RAPE,10,2016
42983,05/31/2016,2130.00,HOMICIDE,21,2016
43034,05/31/2016,14:58:02,RAPE,14,2016
43285,05/29/2016,20:47:51,RAPE,20,2016
43353,05/29/2016,02:45:39,RAPE,2,2016
43369,05/28/2016,2356.00,HOMICIDE,23,2016
43478,05/28/2016,09:54:55,RAPE,9,2016
43507,05/28/2016,03:06:21,RAPE,3,2016
43577,05/27/2016,19:04:02,RAPE,19,2016
43601,05/27/2016,1624.00,HOMICIDE,16,2016
43638,05/27/2016,10:48:55,RAPE,10,2016
43645,05/27/2016,09:37:43,RAPE,9,2016
43656,05/27/2016,722.00,HOMICIDE,7,2016
43711,05/26/2016,21:41:36,RAPE,21,2016
43740,05/26/2016,1858.00,HOMICIDE,18,2016
43741,05/26/2016,1809.00,HOMICIDE,18,2016
43742,05/26/2016,1809.00,HOMICIDE,18,2016
43752,05/26/2016,1610.00,HOMICIDE,16,2016
43869,05/25/2016,2112.00,HOMICIDE,21,2016
43882,05/25/2016,1958.00,HOMICIDE,19,2016
43883,05/25/2016,1900.00,HOMICIDE,19,2016
43901,05/25/2016,1755.00,HOMICIDE,17,2016
43902,05/25/2016,1728.00,HOMICIDE,17,2016
43956,05/25/2016,09:57:14,RAPE,9,2016
44037,05/24/2016,19:23:21,RAPE,19,2016
44152,05/23/2016,2341.00,HOMICIDE,23,2016
44159,05/23/2016,2256.00,HOMICIDE,22,2016
44228,05/23/2016,1315.00,HOMICIDE,13,2016
44277,05/22/2016,23:17:58,RAPE,23,2016
44352,05/22/2016,08:53:10,RAPE,8,2016
44365,05/22/2016,03:28:41,RAPE,3,2016
44524,05/20/2016,23:01:27,RAPE,23,2016
44645,05/20/2016,620.00,HOMICIDE,6,2016
44661,05/20/2016,00:47:39,RAPE,0,2016
44693,05/19/2016,20:14:59,RAPE,20,2016
44854,05/18/2016,16:22:01,RAPE,16,2016
44927,05/17/2016,2152.00,HOMICIDE,21,2016
45065,05/16/2016,22:48:03,RAPE,22,2016
45196,05/15/2016,21:55:39,RAPE,21,2016
45290,05/15/2016,03:57:01,RAPE,3,2016
45533,05/13/2016,11:27:20,RAPE,11,2016
45582,05/12/2016,23:43:17,RAPE,23,2016
45589,05/12/2016,2244.00,HOMICIDE,22,2016
45623,05/12/2016,19:13:55,RAPE,19,2016
45658,05/12/2016,15:50:44,RAPE,15,2016
45929,05/10/2016,1742.00,HOMICIDE,17,2016
46071,05/09/2016,17:17:19,RAPE,17,2016
46274,05/08/2016,222.00,HOMICIDE,2,2016
46405,05/07/2016,19.00,HOMICIDE,0,2016
46537,05/06/2016,544.00,HOMICIDE,5,2016
46684,05/04/2016,2305.00,HOMICIDE,23,2016
46841,05/03/2016,1824.00,HOMICIDE,18,2016
46999,05/02/2016,16:39:43,RAPE,16,2016
47005,05/02/2016,1541.00,HOMICIDE,15,2016
47149,05/01/2016,15:11:57,RAPE,15,2016
47281,04/30/2016,08:27:18,RAPE,8,2016
47302,04/30/2016,00:32:31,RAPE,0,2016
47392,04/29/2016,10:31:43,RAPE,10,2016
47444,04/28/2016,2158.00,HOMICIDE,21,2016
47452,04/28/2016,2004.00,HOMICIDE,20,2016
47462,04/28/2016,1939.00,HOMICIDE,19,2016
47498,04/28/2016,13:09:55,RAPE,13,2016
47560,04/27/2016,2345.00,HOMICIDE,23,2016
47695,04/26/2016,2200.00,HOMICIDE,22,2016
47711,04/26/2016,2136.00,HOMICIDE,21,2016
47727,04/26/2016,1907.00,HOMICIDE,19,2016
47785,04/26/2016,13:25:31,RAPE,13,2016
47846,04/25/2016,2330.00,HOMICIDE,23,2016
47854,04/25/2016,2253.00,HOMICIDE,22,2016
47909,04/25/2016,17:00:42,RAPE,17,2016
47975,04/25/2016,34.00,HOMICIDE,0,2016
47989,04/24/2016,2233.00,HOMICIDE,22,2016
48017,04/24/2016,1917.00,HOMICIDE,19,2016
48088,04/24/2016,04:32:23,RAPE,4,2016
48271,04/22/2016,1953.00,HOMICIDE,19,2016
48424,04/21/2016,19:07:44,RAPE,19,2016
48480,04/21/2016,10:01:45,RAPE,10,2016
48512,04/21/2016,03:09:09,RAPE,3,2016
48739,04/19/2016,15:56:01,RAPE,15,2016
48793,04/19/2016,711.00,HOMICIDE,7,2016
48808,04/19/2016,59.00,HOMICIDE,0,2016
48879,04/18/2016,15:29:29,RAPE,15,2016
48892,04/18/2016,1353.00,HOMICIDE,13,2016
48900,04/18/2016,12:14:17,RAPE,12,2016
49049,04/17/2016,216.00,HOMICIDE,2,2016
49084,04/16/2016,22:54:08,RAPE,22,2016
49094,04/16/2016,21:28:21,RAPE,21,2016
49158,04/16/2016,1127.00,HOMICIDE,11,2016
49324,04/15/2016,04:32:33,RAPE,4,2016
49338,04/15/2016,00:28:58,RAPE,0,2016
49418,04/14/2016,13:47:09,RAPE,13,2016
49441,04/14/2016,10:09:33,RAPE,10,2016
49610,04/12/2016,2333.00,HOMICIDE,23,2016
49675,04/12/2016,15:18:12,RAPE,15,2016
49723,04/12/2016,242.00,HOMICIDE,2,2016
49744,04/11/2016,22:30:09,RAPE,22,2016
49751,04/11/2016,2105.00,HOMICIDE,21,2016
49789,04/11/2016,1856.00,HOMICIDE,18,2016
49861,04/11/2016,05:30:07,RAPE,5,2016
50006,04/09/2016,19:28:57,RAPE,19,2016
50105,04/08/2016,22:42:49,RAPE,22,2016
50158,04/08/2016,15:50:16,RAPE,15,2016
50165,04/08/2016,1455.00,HOMICIDE,14,2016
50177,04/08/2016,1344.00,HOMICIDE,13,2016
50178,04/08/2016,1307.00,HOMICIDE,13,2016
50260,04/07/2016,1724.00,HOMICIDE,17,2016
50476,04/06/2016,344.00,HOMICIDE,3,2016
50526,04/05/2016,15:28:31,RAPE,15,2016
50795,04/03/2016,5.00,HOMICIDE,0,2016
51148,03/31/2016,459.00,HOMICIDE,4,2016
51163,03/30/2016,2329.00,HOMICIDE,23,2016
51182,03/30/2016,21:15:54,RAPE,21,2016
51249,03/30/2016,11:44:17,RAPE,11,2016
51339,03/29/2016,1733.00,HOMICIDE,17,2016
51359,03/29/2016,14:00:18,RAPE,14,2016
51453,03/28/2016,18:25:23,RAPE,18,2016
51601,03/27/2016,417.00,HOMICIDE,4,2016
51677,03/26/2016,16:46:04,RAPE,16,2016
51717,03/26/2016,10:11:30,RAPE,10,2016
51719,03/26/2016,09:52:28,RAPE,9,2016
51753,03/26/2016,00:05:13,RAPE,0,2016
51960,03/24/2016,1514.00,HOMICIDE,15,2016
52172,03/22/2016,2148.00,HOMICIDE,21,2016
52208,03/22/2016,1605.00,HOMICIDE,16,2016
52212,03/22/2016,16:22:15,RAPE,16,2016
52485,03/20/2016,1045.00,HOMICIDE,10,2016
52584,03/19/2016,848.00,HOMICIDE,8,2016
52610,03/18/2016,23:36:53,RAPE,23,2016
52619,03/18/2016,2147.00,HOMICIDE,21,2016
52700,03/18/2016,11:16:44,RAPE,11,2016
52723,03/18/2016,02:52:23,RAPE,2,2016
52775,03/17/2016,1722.00,HOMICIDE,17,2016
52800,03/17/2016,15:43:17,RAPE,15,2016
52854,03/17/2016,01:05:20,RAPE,1,2016
52900,03/16/2016,1836.00,HOMICIDE,18,2016
53018,03/15/2016,22:25:01,RAPE,22,2016
53019,03/15/2016,2105.00,HOMICIDE,21,2016
53176,03/14/2016,16:52:57,RAPE,16,2016
53186,03/14/2016,14:25:54,RAPE,14,2016
53271,03/13/2016,1505.00,HOMICIDE,15,2016
53279,03/13/2016,14:09:26,RAPE,14,2016
53367,03/12/2016,1845.00,HOMICIDE,18,2016
53387,03/12/2016,16:51:07,RAPE,16,2016
53582,03/10/2016,2315.00,HOMICIDE,23,2016
54086,03/06/2016,1911.00,HOMICIDE,19,2016
54099,03/06/2016,18:04:53,RAPE,18,2016
54114,03/06/2016,14:56:18,RAPE,14,2016
54124,03/06/2016,12:57:38,RAPE,12,2016
54354,03/04/2016,11:05:08,RAPE,11,2016
54472,03/03/2016,832.00,HOMICIDE,8,2016
54486,03/03/2016,02:27:24,RAPE,2,2016
54511,03/02/2016,19:18:13,RAPE,19,2016
54515,03/02/2016,17:28:09,RAPE,17,2016
54619,03/01/2016,18:16:34,RAPE,18,2016
54666,03/01/2016,09:34:59,RAPE,9,2016
54743,02/29/2016,1727.00,HOMICIDE,17,2016
54791,02/29/2016,955.00,HOMICIDE,9,2016
54832,02/28/2016,21:27:31,RAPE,21,2016
54838,02/28/2016,20:22:28,RAPE,20,2016
54859,02/28/2016,17:32:33,RAPE,17,2016
54887,02/28/2016,13:37:04,RAPE,13,2016
55008,02/26/2016,2220.00,HOMICIDE,22,2016
55126,02/25/2016,2131.00,HOMICIDE,21,2016
55231,02/24/2016,21:05:38,RAPE,21,2016
55286,02/24/2016,11:36:28,RAPE,11,2016
55312,02/24/2016,06:11:28,RAPE,6,2016
55363,02/23/2016,16:37:02,RAPE,16,2016
55398,02/23/2016,934.00,HOMICIDE,9,2016
55501,02/22/2016,11:39:20,RAPE,11,2016
55557,02/21/2016,2013.00,HOMICIDE,20,2016
55586,02/21/2016,1327.00,HOMICIDE,13,2016
55624,02/21/2016,204.00,HOMICIDE,2,2016
55695,02/20/2016,1338.00,HOMICIDE,13,2016
55696,02/20/2016,1338.00,HOMICIDE,13,2016
55764,02/19/2016,17:21:48,RAPE,17,2016
55785,02/19/2016,1239.00,HOMICIDE,12,2016
55816,02/19/2016,08:21:42,RAPE,8,2016
55852,02/18/2016,2303.00,HOMICIDE,23,2016
55954,02/17/2016,2102.00,HOMICIDE,21,2016
55995,02/17/2016,14:00:41,RAPE,14,2016
56164,02/15/2016,19:18:45,RAPE,19,2016
56202,02/15/2016,341.00,HOMICIDE,3,2016
56319,02/13/2016,17:19:06,RAPE,17,2016
56340,02/13/2016,11:08:35,RAPE,11,2016
56393,02/12/2016,1935.00,HOMICIDE,19,2016
56465,02/12/2016,02:20:41,RAPE,2,2016
56489,02/11/2016,2000.00,HOMICIDE,20,2016
56558,02/10/2016,2118.00,HOMICIDE,21,2016
56651,02/10/2016,135.00,HOMICIDE,1,2016
56735,02/09/2016,05:41:33,RAPE,5,2016
56863,02/08/2016,20.00,HOMICIDE,0,2016
57131,02/05/2016,1419.00,HOMICIDE,14,2016
57157,02/05/2016,854.00,HOMICIDE,8,2016
57259,02/04/2016,206.00,HOMICIDE,2,2016
57273,02/03/2016,2223.00,HOMICIDE,22,2016
57320,02/03/2016,15:00:14,RAPE,15,2016
57325,02/03/2016,14:47:54,RAPE,14,2016
57466,02/02/2016,09:12:55,RAPE,9,2016
57502,02/01/2016,2145.00,HOMICIDE,21,2016
57530,02/01/2016,14:39:37,RAPE,14,2016
57835,01/29/2016,1750.00,HOMICIDE,17,2016
57904,01/28/2016,22:08:21,RAPE,22,2016
58098,01/26/2016,2026.00,HOMICIDE,20,2016
58458,01/21/2016,14:41:25,RAPE,14,2016
58511,01/21/2016,00:32:03,RAPE,0,2016
58537,01/20/2016,18:48:23,RAPE,18,2016
58610,01/20/2016,01:06:19,RAPE,1,2016
58650,01/19/2016,1816.00,HOMICIDE,18,2016
58683,01/19/2016,1430.00,HOMICIDE,14,2016
58787,01/18/2016,1607.00,HOMICIDE,16,2016
58850,01/17/2016,22:31:26,RAPE,22,2016
59112,01/15/2016,1925.00,HOMICIDE,19,2016
59473,01/12/2016,2116.00,HOMICIDE,21,2016
59518,01/12/2016,16:52:16,RAPE,16,2016
59523,01/12/2016,16:13:11,RAPE,16,2016
59524,01/12/2016,16:07:18,RAPE,16,2016
59525,01/12/2016,16:07:18,RAPE,16,2016
59634,01/11/2016,18:36:22,RAPE,18,2016
59656,01/11/2016,1517.00,HOMICIDE,15,2016
59680,01/11/2016,12:06:52,RAPE,12,2016
59702,01/11/2016,07:37:01,RAPE,7,2016
59734,01/10/2016,2104.00,HOMICIDE,21,2016
60055,01/08/2016,15:25:11,RAPE,15,2016
60163,01/07/2016,2045.00,HOMICIDE,20,2016
60175,01/07/2016,1938.00,HOMICIDE,19,2016
60197,01/07/2016,1712.00,HOMICIDE,17,2016
60244,01/07/2016,10:37:45,RAPE,10,2016
60295,01/06/2016,20:47:46,RAPE,20,2016
60388,01/06/2016,03:00:06,RAPE,3,2016
60485,01/05/2016,1119.00,HOMICIDE,11,2016
60518,01/05/2016,00:35:24,RAPE,0,2016
60929,01/01/2016,1342.00,HOMICIDE,13,2016
